country;Year;Population
Afghanistan;2023;42239854
Afghanistan;2022;41128771
Afghanistan;2020;38972230
Afghanistan;2015;33753499
Afghanistan;2010;28189672
Afghanistan;2000;19542982
Afghanistan;1990;10694796
Albania;2023;2832439
Albania;2022;2842321
Albania;2020;2866849
Albania;2015;2882481
Albania;2010;2913399
Albania;2000;3182021
Albania;1990;3295066
Algeria;2023;45606480
Algeria;2022;44903225
Algeria;2020;43451666
Algeria;2015;39543154
Algeria;2010;35856344
Algeria;2000;30774621
Algeria;1990;25518074
American Samoa;2023;43914
American Samoa;2022;44273
American Samoa;2020;46189
American Samoa;2015;51368
American Samoa;2010;54849
American Samoa;2000;58230
American Samoa;1990;47818
Andorra;2023;80088
Andorra;2022;79824
Andorra;2020;77700
Andorra;2015;71746
Andorra;2010;71519
Andorra;2000;66097
Andorra;1990;53569
Angola;2023;36684202
Angola;2022;35588987
Angola;2020;33428485
Angola;2015;28127721
Angola;2010;23364185
Angola;2000;16394062
Angola;1990;11828638
Anguilla;2023;15899
Anguilla;2022;15857
Anguilla;2020;15585
Anguilla;2015;14525
Anguilla;2010;13172
Anguilla;2000;11047
Anguilla;1990;8316
Antigua and Barbuda;2023;94298
Antigua and Barbuda;2022;93763
Antigua and Barbuda;2020;92664
Antigua and Barbuda;2015;89941
Antigua and Barbuda;2010;85695
Antigua and Barbuda;2000;75055
Antigua and Barbuda;1990;63328
Argentina;2023;45773884
Argentina;2022;45510318
Argentina;2020;45036032
Argentina;2015;43257065
Argentina;2010;41100123
Argentina;2000;37070774
Argentina;1990;32637657
Armenia;2023;2777970
Armenia;2022;2780469
Armenia;2020;2805608
Armenia;2015;2878595
Armenia;2010;2946293
Armenia;2000;3168523
Armenia;1990;3556539
Aruba;2023;106277
Aruba;2022;106445
Aruba;2020;106585
Aruba;2015;104257
Aruba;2010;100341
Aruba;2000;89101
Aruba;1990;65712
Australia;2023;26439111
Australia;2022;26177413
Australia;2020;25670051
Australia;2015;23820236
Australia;2010;22019168
Australia;2000;19017963
Australia;1990;17048003
Austria;2023;8958960
Austria;2022;8939617
Austria;2020;8907777
Austria;2015;8642421
Austria;2010;8362829
Austria;2000;8010428
Austria;1990;7678729
Azerbaijan;2023;10412651
Azerbaijan;2022;10358074
Azerbaijan;2020;10284951
Azerbaijan;2015;9863480
Azerbaijan;2010;9237202
Azerbaijan;2000;8190337
Azerbaijan;1990;7427836
Bahamas;2023;412623
Bahamas;2022;409984
Bahamas;2020;406471
Bahamas;2015;392697
Bahamas;2010;373272
Bahamas;2000;325014
Bahamas;1990;270679
Bahrain;2023;1485509
Bahrain;2022;1472233
Bahrain;2020;1477469
Bahrain;2015;1362142
Bahrain;2010;1213645
Bahrain;2000;711442
Bahrain;1990;517418
Bangladesh;2023;172954319
Bangladesh;2022;171186372
Bangladesh;2020;167420951
Bangladesh;2015;157830000
Bangladesh;2010;148391139
Bangladesh;2000;129193327
Bangladesh;1990;107147651
Barbados;2023;281995
Barbados;2022;281635
Barbados;2020;280693
Barbados;2015;278083
Barbados;2010;274711
Barbados;2000;264657
Barbados;1990;258868
Belarus;2023;9498238
Belarus;2022;9534954
Belarus;2020;9633740
Belarus;2015;9700609
Belarus;2010;9731427
Belarus;2000;10256483
Belarus;1990;10428525
Belgium;2023;11686140
Belgium;2022;11655930
Belgium;2020;11561717
Belgium;2015;11248303
Belgium;2010;10877947
Belgium;2000;10264343
Belgium;1990;9959560
Belize;2023;410825
Belize;2022;405272
Belize;2020;394921
Belize;2015;359871
Belize;2010;322106
Belize;2000;240406
Belize;1990;182589
Benin;2023;13712828
Benin;2022;13352864
Benin;2020;12643123
Benin;2015;10932783
Benin;2010;9445710
Benin;2000;6998023
Benin;1990;5133419
Bermuda;2023;64069
Bermuda;2022;64184
Bermuda;2020;64031
Bermuda;2015;63144
Bermuda;2010;63447
Bermuda;2000;61371
Bermuda;1990;57470
Bhutan;2023;787424
Bhutan;2022;782455
Bhutan;2020;772506
Bhutan;2015;743274
Bhutan;2010;705516
Bhutan;2000;587207
Bhutan;1990;558442
Bolivia;2023;12388571
Bolivia;2022;12224110
Bolivia;2020;11936162
Bolivia;2015;11090085
Bolivia;2010;10223270
Bolivia;2000;8592656
Bolivia;1990;7096194
Bosnia and Herzegovina;2023;3210847
Bosnia and Herzegovina;2022;3233526
Bosnia and Herzegovina;2020;3318407
Bosnia and Herzegovina;2015;3524324
Bosnia and Herzegovina;2010;3811088
Bosnia and Herzegovina;2000;4179350
Bosnia and Herzegovina;1990;4494310
Botswana;2023;2675352
Botswana;2022;2630296
Botswana;2020;2546402
Botswana;2015;2305171
Botswana;2010;2091664
Botswana;2000;1726985
Botswana;1990;1341474
Brazil;2023;216422446
Brazil;2022;215313498
Brazil;2020;213196304
Brazil;2015;205188205
Brazil;2010;196353492
Brazil;2000;175873720
Brazil;1990;150706446
British Virgin Islands;2023;31538
British Virgin Islands;2022;31305
British Virgin Islands;2020;30910
British Virgin Islands;2015;29366
British Virgin Islands;2010;27556
British Virgin Islands;2000;20104
British Virgin Islands;1990;15617
Brunei;2023;452524
Brunei;2022;449002
Brunei;2020;441725
Brunei;2015;421437
Brunei;2010;396053
Brunei;2000;333926
Brunei;1990;261928
Bulgaria;2023;6687717
Bulgaria;2022;6781953
Bulgaria;2020;6979175
Bulgaria;2015;7309253
Bulgaria;2010;7592273
Bulgaria;2000;8097691
Bulgaria;1990;8767778
Burkina Faso;2023;23251485
Burkina Faso;2022;22673762
Burkina Faso;2020;21522626
Burkina Faso;2015;18718019
Burkina Faso;2010;16116845
Burkina Faso;2000;11882888
Burkina Faso;1990;9131361
Burundi;2023;13238559
Burundi;2022;12889576
Burundi;2020;12220227
Burundi;2015;10727148
Burundi;2010;9126605
Burundi;2000;6307659
Burundi;1990;5483793
Cambodia;2023;16944826
Cambodia;2022;16767842
Cambodia;2020;16396860
Cambodia;2015;15417523
Cambodia;2010;14363532
Cambodia;2000;12118841
Cambodia;1990;8910808
Cameroon;2023;28647293
Cameroon;2022;27914536
Cameroon;2020;26491087
Cameroon;2015;23012646
Cameroon;2010;19878036
Cameroon;2000;15091594
Cameroon;1990;11430520
Canada;2023;38781291
Canada;2022;38454327
Canada;2020;37888705
Canada;2015;35732126
Canada;2010;33963412
Canada;2000;30683313
Canada;1990;27657204
Cape Verde;2023;598682
Cape Verde;2022;593149
Cape Verde;2020;582640
Cape Verde;2015;552166
Cape Verde;2010;521212
Cape Verde;2000;458251
Cape Verde;1990;364563
Cayman Islands;2023;69310
Cayman Islands;2022;68706
Cayman Islands;2020;67311
Cayman Islands;2015;60911
Cayman Islands;2010;54074
Cayman Islands;2000;39658
Cayman Islands;1990;26027
Central African Republic;2023;5742315
Central African Republic;2022;5579144
Central African Republic;2020;5343020
Central African Republic;2015;4819333
Central African Republic;2010;4660067
Central African Republic;2000;3759170
Central African Republic;1990;2809221
Chad;2023;18278568
Chad;2022;17723315
Chad;2020;16644701
Chad;2015;14140274
Chad;2010;11894727
Chad;2000;8259137
Chad;1990;5827069
Chile;2023;19629590
Chile;2022;19603733
Chile;2020;19300315
Chile;2015;17870124
Chile;2010;17004162
Chile;2000;15351799
Chile;1990;13342868
China;2023;1425671352
China;2022;1425887337
China;2020;1424929781
China;2015;1393715448
China;2010;1348191368
China;2000;1264099069
China;1990;1153704252
Colombia;2023;52085168
Colombia;2022;51874024
Colombia;2020;50930662
Colombia;2015;47119728
Colombia;2010;44816108
Colombia;2000;39215135
Colombia;1990;32601393
Comoros;2023;852075
Comoros;2022;836774
Comoros;2020;806166
Comoros;2015;730216
Comoros;2010;656024
Comoros;2000;536758
Comoros;1990;431119
Cook Islands;2023;17044
Cook Islands;2022;17011
Cook Islands;2020;17029
Cook Islands;2015;17695
Cook Islands;2010;17212
Cook Islands;2000;15897
Cook Islands;1990;17123
Costa Rica;2023;5212173
Costa Rica;2022;5180829
Costa Rica;2020;5123105
Costa Rica;2015;4895242
Costa Rica;2010;4622252
Costa Rica;2000;3979193
Costa Rica;1990;3158253
Croatia;2023;4008617
Croatia;2022;4030358
Croatia;2020;4096868
Croatia;2015;4254815
Croatia;2010;4368682
Croatia;2000;4548434
Croatia;1990;4873707
Cuba;2023;11194449
Cuba;2022;11212191
Cuba;2020;11300698
Cuba;2015;11339894
Cuba;2010;11290417
Cuba;2000;11105791
Cuba;1990;10626680
Curacao;2023;192077
Curacao;2022;191163
Curacao;2020;189288
Curacao;2015;169572
Curacao;2010;159380
Curacao;2000;141424
Curacao;1990;155446
Cyprus;2023;1260138
Cyprus;2022;1251488
Cyprus;2020;1237537
Cyprus;2015;1187280
Cyprus;2010;1129686
Cyprus;2000;948237
Cyprus;1990;788500
Czech Republic;2023;10495295
Czech Republic;2022;10493986
Czech Republic;2020;10530953
Czech Republic;2015;10523798
Czech Republic;2010;10464749
Czech Republic;2000;10234710
Czech Republic;1990;10301192
Denmark;2023;5910913
Denmark;2022;5882261
Denmark;2020;5825641
Denmark;2015;5677796
Denmark;2010;5550849
Denmark;2000;5340655
Denmark;1990;5144623
Djibouti;2023;1136455
Djibouti;2022;1120849
Djibouti;2020;1090156
Djibouti;2015;1006259
Djibouti;2010;919199
Djibouti;2000;742033
Djibouti;1990;577173
Dominica;2023;73040
Dominica;2022;72737
Dominica;2020;71995
Dominica;2015;70007
Dominica;2010;68755
Dominica;2000;68346
Dominica;1990;69481
Dominican Republic;2023;11332972
Dominican Republic;2022;11228821
Dominican Republic;2020;10999664
Dominican Republic;2015;10405832
Dominican Republic;2010;9775755
Dominican Republic;2000;8540791
Dominican Republic;1990;7129004
DR Congo;2023;102262808
DR Congo;2022;99010212
DR Congo;2020;92853164
DR Congo;2015;78656904
DR Congo;2010;66391257
DR Congo;2000;48616317
DR Congo;1990;35987541
Ecuador;2023;18190484
Ecuador;2022;18001000
Ecuador;2020;17588595
Ecuador;2015;16195902
Ecuador;2010;14989585
Ecuador;2000;12626507
Ecuador;1990;10449837
Egypt;2023;112716598
Egypt;2022;110990103
Egypt;2020;107465134
Egypt;2015;97723799
Egypt;2010;87252413
Egypt;2000;71371371
Egypt;1990;57214630
El Salvador;2023;6364943
El Salvador;2022;6336392
El Salvador;2020;6292731
El Salvador;2015;6231066
El Salvador;2010;6114034
El Salvador;2000;5958482
El Salvador;1990;5367179
Equatorial Guinea;2023;1714671
Equatorial Guinea;2022;1674908
Equatorial Guinea;2020;1596049
Equatorial Guinea;2015;1346973
Equatorial Guinea;2010;1094524
Equatorial Guinea;2000;684977
Equatorial Guinea;1990;465549
Eritrea;2023;3748901
Eritrea;2022;3684032
Eritrea;2020;3555868
Eritrea;2015;3340006
Eritrea;2010;3147727
Eritrea;2000;2392880
Eritrea;1990;2149960
Estonia;2023;1322765
Estonia;2022;1326062
Estonia;2020;1329444
Estonia;2015;1314657
Estonia;2010;1331535
Estonia;2000;1396877
Estonia;1990;1570674
Eswatini;2023;1210822
Eswatini;2022;1201670
Eswatini;2020;1180655
Eswatini;2015;1133936
Eswatini;2010;1099920
Eswatini;2000;1030496
Eswatini;1990;854011
Ethiopia;2023;126527060
Ethiopia;2022;123379924
Ethiopia;2020;117190911
Ethiopia;2015;102471895
Ethiopia;2010;89237791
Ethiopia;2000;67031867
Ethiopia;1990;47878073
Falkland Islands;2023;3791
Falkland Islands;2022;3780
Falkland Islands;2020;3747
Falkland Islands;2015;3408
Falkland Islands;2010;3187
Falkland Islands;2000;3080
Falkland Islands;1990;2332
Faroe Islands;2023;53270
Faroe Islands;2022;53090
Faroe Islands;2020;52415
Faroe Islands;2015;48816
Faroe Islands;2010;48410
Faroe Islands;2000;45660
Faroe Islands;1990;47479
Fiji;2023;936375
Fiji;2022;929766
Fiji;2020;920422
Fiji;2015;917200
Fiji;2010;905169
Fiji;2000;832509
Fiji;1990;780430
Finland;2023;5545475
Finland;2022;5540745
Finland;2020;5529468
Finland;2015;5479461
Finland;2010;5363271
Finland;2000;5176209
Finland;1990;4986545
France;2023;64756584
France;2022;64626628
France;2020;64480053
France;2015;63809769
France;2010;62444567
France;2000;58665453
France;1990;56412897
French Guiana;2023;312155
French Guiana;2022;304557
French Guiana;2020;290969
French Guiana;2015;257026
French Guiana;2010;228453
French Guiana;2000;164351
French Guiana;1990;113931
French Polynesia;2023;308872
French Polynesia;2022;306279
French Polynesia;2020;301920
French Polynesia;2015;291787
French Polynesia;2010;283788
French Polynesia;2000;250927
French Polynesia;1990;211089
Gabon;2023;2436566
Gabon;2022;2388992
Gabon;2020;2292573
Gabon;2015;2028517
Gabon;2010;1711105
Gabon;2000;1272935
Gabon;1990;983028
Gambia;2023;2773168
Gambia;2022;2705992
Gambia;2020;2573995
Gambia;2015;2253133
Gambia;2010;1937275
Gambia;2000;1437539
Gambia;1990;1040616
Georgia;2023;3728282
Georgia;2022;3744385
Georgia;2020;3765912
Georgia;2015;3771132
Georgia;2010;3836831
Georgia;2000;4265172
Georgia;1990;5391636
Germany;2023;83294633
Germany;2022;83369843
Germany;2020;83328988
Germany;2015;82073226
Germany;2010;81325090
Germany;2000;81551677
Germany;1990;79370196
Ghana;2023;34121985
Ghana;2022;33475870
Ghana;2020;32180401
Ghana;2015;28870939
Ghana;2010;25574719
Ghana;2000;19665502
Ghana;1990;15446982
Gibraltar;2023;32688
Gibraltar;2022;32649
Gibraltar;2020;32709
Gibraltar;2015;32520
Gibraltar;2010;31262
Gibraltar;2000;27741
Gibraltar;1990;27317
Greece;2023;10341277
Greece;2022;10384971
Greece;2020;10512232
Greece;2015;10806641
Greece;2010;11033783
Greece;2000;11038109
Greece;1990;10302255
Greenland;2023;56643
Greenland;2022;56466
Greenland;2020;56026
Greenland;2015;55895
Greenland;2010;56351
Greenland;2000;56184
Greenland;1990;55599
Grenada;2023;126183
Grenada;2022;125438
Grenada;2020;123663
Grenada;2015;118980
Grenada;2010;114039
Grenada;2000;107432
Grenada;1990;99047
Guadeloupe;2023;395839
Guadeloupe;2022;395752
Guadeloupe;2020;395642
Guadeloupe;2015;399089
Guadeloupe;2010;403072
Guadeloupe;2000;424067
Guadeloupe;1990;391951
Guam;2023;172952
Guam;2022;171774
Guam;2020;169231
Guam;2015;167978
Guam;2010;164905
Guam;2000;160188
Guam;1990;138263
Guatemala;2023;18092026
Guatemala;2022;17843908
Guatemala;2020;17362718
Guatemala;2015;16001107
Guatemala;2010;14543121
Guatemala;2000;11735894
Guatemala;1990;9084780
Guernsey;2023;63544
Guernsey;2022;63301
Guernsey;2020;62794
Guernsey;2015;61629
Guernsey;2010;60782
Guernsey;2000;59114
Guernsey;1990;57727
Guinea;2023;14190612
Guinea;2022;13859341
Guinea;2020;13205153
Guinea;2015;11625998
Guinea;2010;10270728
Guinea;2000;8336967
Guinea;1990;6354145
Guinea-Bissau;2023;2150842
Guinea-Bissau;2022;2105566
Guinea-Bissau;2020;2015828
Guinea-Bissau;2015;1788919
Guinea-Bissau;2010;1567220
Guinea-Bissau;2000;1230849
Guinea-Bissau;1990;973551
Guyana;2023;813834
Guyana;2022;808726
Guyana;2020;797202
Guyana;2015;755031
Guyana;2010;747932
Guyana;2000;759051
Guyana;1990;747116
Haiti;2023;11724763
Haiti;2022;11584996
Haiti;2020;11306801
Haiti;2015;10563757
Haiti;2010;9842880
Haiti;2000;8360225
Haiti;1990;6925331
Honduras;2023;10593798
Honduras;2022;10432860
Honduras;2020;10121763
Honduras;2015;9294505
Honduras;2010;8450933
Honduras;2000;6656725
Honduras;1990;5053234
Hong Kong;2023;7491609
Hong Kong;2022;7488865
Hong Kong;2020;7500958
Hong Kong;2015;7399838
Hong Kong;2010;7132438
Hong Kong;2000;6731195
Hong Kong;1990;5838574
Hungary;2023;10156239
Hungary;2022;9967308
Hungary;2020;9750573
Hungary;2015;9844246
Hungary;2010;9986825
Hungary;2000;10202055
Hungary;1990;10375989
Iceland;2023;375318
Iceland;2022;372899
Iceland;2020;366669
Iceland;2015;331060
Iceland;2010;318333
Iceland;2000;281462
Iceland;1990;255019
India;2023;1428627663
India;2022;1417173173
India;2020;1396387127
India;2015;1322866505
India;2010;1240613620
India;2000;1059633675
India;1990;870452165
Indonesia;2023;277534122
Indonesia;2022;275501339
Indonesia;2020;271857970
Indonesia;2015;259091970
Indonesia;2010;244016173
Indonesia;2000;214072421
Indonesia;1990;182159874
Iran;2023;89172767
Iran;2022;88550570
Iran;2020;87290193
Iran;2015;81790841
Iran;2010;75373855
Iran;2000;65544383
Iran;1990;55793629
Iraq;2023;45504560
Iraq;2022;44496122
Iraq;2020;42556984
Iraq;2015;37757813
Iraq;2010;31264875
Iraq;2000;24628858
Iraq;1990;17658381
Ireland;2023;5056935
Ireland;2022;5023109
Ireland;2020;4946119
Ireland;2015;4665760
Ireland;2010;4524585
Ireland;2000;3768950
Ireland;1990;3485374
Isle of Man;2023;84710
Isle of Man;2022;84519
Isle of Man;2020;84046
Isle of Man;2015;83593
Isle of Man;2010;83828
Isle of Man;2000;75562
Isle of Man;1990;68865
Israel;2023;9174520
Israel;2022;9038309
Israel;2020;8757489
Israel;2015;8007778
Israel;2010;7328445
Israel;2000;6116958
Israel;1990;4803254
Italy;2023;58870762
Italy;2022;59037474
Italy;2020;59500579
Italy;2015;60232906
Italy;2010;59822450
Italy;2000;56966397
Italy;1990;56756561
Ivory Coast;2023;28873034
Ivory Coast;2022;28160542
Ivory Coast;2020;26811790
Ivory Coast;2015;23596741
Ivory Coast;2010;21120042
Ivory Coast;2000;16799670
Ivory Coast;1990;11910540
Jamaica;2023;2825544
Jamaica;2022;2827377
Jamaica;2020;2820436
Jamaica;2015;2794445
Jamaica;2010;2733896
Jamaica;2000;2612205
Jamaica;1990;2392030
Japan;2023;123294513
Japan;2022;123951692
Japan;2020;125244761
Japan;2015;127250933
Japan;2010;128105431
Japan;2000;126803861
Japan;1990;123686321
Jersey;2023;111802
Jersey;2022;110778
Jersey;2020;108319
Jersey;2015;100561
Jersey;2010;96151
Jersey;2000;86192
Jersey;1990;82874
Jordan;2023;11337052
Jordan;2022;11285869
Jordan;2020;10928721
Jordan;2015;9494246
Jordan;2010;6931258
Jordan;2000;5056174
Jordan;1990;3480587
Kazakhstan;2023;19606633
Kazakhstan;2022;19397998
Kazakhstan;2020;18979243
Kazakhstan;2015;17835909
Kazakhstan;2010;16627837
Kazakhstan;2000;15236253
Kazakhstan;1990;16866563
Kenya;2023;55100586
Kenya;2022;54027487
Kenya;2020;51985780
Kenya;2015;46851488
Kenya;2010;41517895
Kenya;2000;30851606
Kenya;1990;23162269
Kiribati;2023;133515
Kiribati;2022;131232
Kiribati;2020;126463
Kiribati;2015;116707
Kiribati;2010;107995
Kiribati;2000;88826
Kiribati;1990;75124
Kuwait;2023;4310108
Kuwait;2022;4268873
Kuwait;2020;4360444
Kuwait;2015;3908743
Kuwait;2010;2943356
Kuwait;2000;1934901
Kuwait;1990;1674938
Kyrgyzstan;2023;6735347
Kyrgyzstan;2022;6630623
Kyrgyzstan;2020;6424874
Kyrgyzstan;2015;5914980
Kyrgyzstan;2010;5483774
Kyrgyzstan;2000;4935182
Kyrgyzstan;1990;4394734
Laos;2023;7633779
Laos;2022;7529475
Laos;2020;7319399
Laos;2015;6787419
Laos;2010;6323418
Laos;2000;5430853
Laos;1990;4314443
Latvia;2023;1830211
Latvia;2022;1850651
Latvia;2020;1897052
Latvia;2015;1991955
Latvia;2010;2101530
Latvia;2000;2392530
Latvia;1990;2689391
Lebanon;2023;5353930
Lebanon;2022;5489739
Lebanon;2020;5662923
Lebanon;2015;6398940
Lebanon;2010;4995800
Lebanon;2000;4320642
Lebanon;1990;3593700
Lesotho;2023;2330318
Lesotho;2022;2305825
Lesotho;2020;2254100
Lesotho;2015;2118521
Lesotho;2010;2022747
Lesotho;2000;1998630
Lesotho;1990;1798997
Liberia;2023;5418377
Liberia;2022;5302681
Liberia;2020;5087584
Liberia;2015;4612329
Liberia;2010;4019956
Liberia;2000;2895224
Liberia;1990;2209731
Libya;2023;6888388
Libya;2022;6812341
Libya;2020;6653942
Libya;2015;6192235
Libya;2010;6491988
Libya;2000;5154790
Libya;1990;4236983
Liechtenstein;2023;39584
Liechtenstein;2022;39327
Liechtenstein;2020;38756
Liechtenstein;2015;37355
Liechtenstein;2010;35926
Liechtenstein;2000;33026
Liechtenstein;1990;28765
Lithuania;2023;2718352
Lithuania;2022;2750055
Lithuania;2020;2820267
Lithuania;2015;2963765
Lithuania;2010;3139019
Lithuania;2000;3599637
Lithuania;1990;3785847
Luxembourg;2023;654768
Luxembourg;2022;647599
Luxembourg;2020;630399
Luxembourg;2015;569408
Luxembourg;2010;507070
Luxembourg;2000;435628
Luxembourg;1990;381267
Macau;2023;704149
Macau;2022;695168
Macau;2020;676283
Macau;2015;615239
Macau;2010;557297
Macau;2000;431896
Macau;1990;350227
Madagascar;2023;30325732
Madagascar;2022;29611714
Madagascar;2020;28225177
Madagascar;2015;24850912
Madagascar;2010;21731053
Madagascar;2000;16216431
Madagascar;1990;11882762
Malawi;2023;20931751
Malawi;2022;20405317
Malawi;2020;19377061
Malawi;2015;16938942
Malawi;2010;14718422
Malawi;2000;11229387
Malawi;1990;9539665
Malaysia;2023;34308525
Malaysia;2022;33938221
Malaysia;2020;33199993
Malaysia;2015;31068833
Malaysia;2010;28717731
Malaysia;2000;22945150
Malaysia;1990;17517054
Maldives;2023;521021
Maldives;2022;523787
Maldives;2020;514438
Maldives;2015;435582
Maldives;2010;361575
Maldives;2000;282507
Maldives;1990;224957
Mali;2023;23293698
Mali;2022;22593590
Mali;2020;21224040
Mali;2015;18112907
Mali;2010;15529181
Mali;2000;11239101
Mali;1990;8945026
Malta;2023;535064
Malta;2022;533286
Malta;2020;515357
Malta;2015;456579
Malta;2010;418755
Malta;2000;399212
Malta;1990;365392
Marshall Islands;2023;41996
Marshall Islands;2022;41569
Marshall Islands;2020;43413
Marshall Islands;2015;49410
Marshall Islands;2010;53416
Marshall Islands;2000;54224
Marshall Islands;1990;46047
Martinique;2023;366981
Martinique;2022;367507
Martinique;2020;370391
Martinique;2015;383515
Martinique;2010;392181
Martinique;2000;432543
Martinique;1990;374271
Mauritania;2023;4862989
Mauritania;2022;4736139
Mauritania;2020;4498604
Mauritania;2015;3946220
Mauritania;2010;3419461
Mauritania;2000;2695003
Mauritania;1990;2006027
Mauritius;2023;1300557
Mauritius;2022;1299469
Mauritius;2020;1297828
Mauritius;2015;1293153
Mauritius;2010;1283330
Mauritius;2000;1215930
Mauritius;1990;1090290
Mayotte;2023;335995
Mayotte;2022;326101
Mayotte;2020;305587
Mayotte;2015;249545
Mayotte;2010;211786
Mayotte;2000;159215
Mayotte;1990;92659
Mexico;2023;128455567
Mexico;2022;127504125
Mexico;2020;125998302
Mexico;2015;120149897
Mexico;2010;112532401
Mexico;2000;97873442
Mexico;1990;81720428
Micronesia;2023;115224
Micronesia;2022;114164
Micronesia;2020;112106
Micronesia;2015;109462
Micronesia;2010;107588
Micronesia;2000;111709
Micronesia;1990;98603
Moldova;2023;3435931
Moldova;2022;3272996
Moldova;2020;3084847
Moldova;2015;3277388
Moldova;2010;3678186
Moldova;2000;4251573
Moldova;1990;4480199
Monaco;2023;36297
Monaco;2022;36469
Monaco;2020;36922
Monaco;2015;36760
Monaco;2010;33178
Monaco;2000;32465
Monaco;1990;30329
Mongolia;2023;3447157
Mongolia;2022;3398366
Mongolia;2020;3294335
Mongolia;2015;2964749
Mongolia;2010;2702520
Mongolia;2000;2450979
Mongolia;1990;2161433
Montenegro;2023;626485
Montenegro;2022;627082
Montenegro;2020;629048
Montenegro;2015;633966
Montenegro;2010;631044
Montenegro;2000;633324
Montenegro;1990;621442
Montserrat;2023;4386
Montserrat;2022;4390
Montserrat;2020;4500
Montserrat;2015;5059
Montserrat;2010;4938
Montserrat;2000;5138
Montserrat;1990;10805
Morocco;2023;37840044
Morocco;2022;37457971
Morocco;2020;36688772
Morocco;2015;34680458
Morocco;2010;32464865
Morocco;2000;28554415
Morocco;1990;24570814
Mozambique;2023;33897354
Mozambique;2022;32969518
Mozambique;2020;31178239
Mozambique;2015;26843246
Mozambique;2010;23073723
Mozambique;2000;17768505
Mozambique;1990;13303459
Myanmar;2023;54577997
Myanmar;2022;54179306
Myanmar;2020;53423198
Myanmar;2015;51483949
Myanmar;2010;49390988
Myanmar;2000;45538332
Myanmar;1990;40099553
Namibia;2023;2604172
Namibia;2022;2567012
Namibia;2020;2489098
Namibia;2015;2282704
Namibia;2010;2099271
Namibia;2000;1819141
Namibia;1990;1369011
Nauru;2023;12780
Nauru;2022;12668
Nauru;2020;12315
Nauru;2015;11185
Nauru;2010;10241
Nauru;2000;10377
Nauru;1990;9598
Nepal;2023;30896590
Nepal;2022;30547580
Nepal;2020;29348627
Nepal;2015;27610325
Nepal;2010;27161567
Nepal;2000;24559500
Nepal;1990;19616530
Netherlands;2023;17618299
Netherlands;2022;17564014
Netherlands;2020;17434557
Netherlands;2015;17041107
Netherlands;2010;16617117
Netherlands;2000;15899135
Netherlands;1990;14944548
New Caledonia;2023;292991
New Caledonia;2022;289950
New Caledonia;2020;286403
New Caledonia;2015;283032
New Caledonia;2010;261426
New Caledonia;2000;221537
New Caledonia;1990;177264
New Zealand;2023;5228100
New Zealand;2022;5185288
New Zealand;2020;5061133
New Zealand;2015;4590590
New Zealand;2010;4346338
New Zealand;2000;3855266
New Zealand;1990;3397389
Nicaragua;2023;7046310
Nicaragua;2022;6948392
Nicaragua;2020;6755895
Nicaragua;2015;6298598
Nicaragua;2010;5855734
Nicaragua;2000;5123222
Nicaragua;1990;4227820
Niger;2023;27202843
Niger;2022;26207977
Niger;2020;24333639
Niger;2015;20128124
Niger;2010;16647543
Niger;2000;11622665
Niger;1990;8370647
Nigeria;2023;223804632
Nigeria;2022;218541212
Nigeria;2020;208327405
Nigeria;2015;183995785
Nigeria;2010;160952853
Nigeria;2000;122851984
Nigeria;1990;95214257
Niue;2023;1935
Niue;2022;1934
Niue;2020;1942
Niue;2015;1847
Niue;2010;1812
Niue;2000;2074
Niue;1990;2533
North Korea;2023;26160821
North Korea;2022;26069416
North Korea;2020;25867467
North Korea;2015;25258015
North Korea;2010;24686435
North Korea;2000;23367059
North Korea;1990;20799523
North Macedonia;2023;2085679
North Macedonia;2022;2093599
North Macedonia;2020;2111072
North Macedonia;2015;2107962
North Macedonia;2010;2093828
North Macedonia;2000;2037936
North Macedonia;1990;2044174
Northern Mariana Islands;2023;49796
Northern Mariana Islands;2022;49551
Northern Mariana Islands;2020;49587
Northern Mariana Islands;2015;51514
Northern Mariana Islands;2010;54087
Northern Mariana Islands;2000;80338
Northern Mariana Islands;1990;48002
Norway;2023;5474360
Norway;2022;5434319
Norway;2020;5379839
Norway;2015;5190356
Norway;2010;4889741
Norway;2000;4491202
Norway;1990;4241636
Oman;2023;4644384
Oman;2022;4576298
Oman;2020;4543399
Oman;2015;4191776
Oman;2010;2881914
Oman;2000;2344253
Oman;1990;1804524
Pakistan;2023;240485658
Pakistan;2022;235824862
Pakistan;2020;227196741
Pakistan;2015;210969298
Pakistan;2010;194454498
Pakistan;2000;154369924
Pakistan;1990;115414069
Palau;2023;18058
Palau;2022;18055
Palau;2020;17972
Palau;2015;17794
Palau;2010;18540
Palau;2000;19726
Palau;1990;15293
Palestine;2023;5371230
Palestine;2022;5250072
Palestine;2020;5019401
Palestine;2015;4484614
Palestine;2010;3992278
Palestine;2000;3139954
Palestine;1990;2124609
Panama;2023;4468087
Panama;2022;4408581
Panama;2020;4294396
Panama;2015;3957099
Panama;2010;3623617
Panama;2000;3001731
Panama;1990;2449968
Papua New Guinea;2023;10329931
Papua New Guinea;2022;10142619
Papua New Guinea;2020;9749640
Papua New Guinea;2015;8682174
Papua New Guinea;2010;7583269
Papua New Guinea;2000;5508297
Papua New Guinea;1990;3864972
Paraguay;2023;6861524
Paraguay;2022;6780744
Paraguay;2020;6618695
Paraguay;2015;6177950
Paraguay;2010;5768613
Paraguay;2000;5123819
Paraguay;1990;4059195
Peru;2023;34352719
Peru;2022;34049588
Peru;2020;33304756
Peru;2015;30711863
Peru;2010;29229572
Peru;2000;26654439
Peru;1990;22109099
Philippines;2023;117337368
Philippines;2022;115559009
Philippines;2020;112190977
Philippines;2015;103031365
Philippines;2010;94636700
Philippines;2000;77958223
Philippines;1990;61558898
Poland;2023;41026067
Poland;2022;39857145
Poland;2020;38428366
Poland;2015;38553146
Poland;2010;38597353
Poland;2000;38504431
Poland;1990;38064255
Portugal;2023;10247605
Portugal;2022;10270865
Portugal;2020;10298192
Portugal;2015;10365435
Portugal;2010;10588401
Portugal;2000;10300626
Portugal;1990;10007346
Puerto Rico;2023;3260314
Puerto Rico;2022;3252407
Puerto Rico;2020;3271564
Puerto Rico;2015;3497335
Puerto Rico;2010;3717922
Puerto Rico;2000;3827108
Puerto Rico;1990;3543776
Qatar;2023;2716391
Qatar;2022;2695122
Qatar;2020;2760385
Qatar;2015;2414573
Qatar;2010;1713504
Qatar;2000;645937
Qatar;1990;441675
Republic of the Congo;2023;6106869
Republic of the Congo;2022;5970424
Republic of the Congo;2020;5702174
Republic of the Congo;2015;5064386
Republic of the Congo;2010;4437884
Republic of the Congo;2000;3134030
Republic of the Congo;1990;2385435
Reunion;2023;981796
Reunion;2022;974052
Reunion;2020;957822
Reunion;2015;922495
Reunion;2010;890130
Reunion;2000;785424
Reunion;1990;658992
Romania;2023;19892812
Romania;2022;19659267
Romania;2020;19442038
Romania;2015;19906079
Romania;2010;20335211
Romania;2000;21919876
Romania;1990;22836234
Russia;2023;144444359
Russia;2022;144713314
Russia;2020;145617329
Russia;2015;144668389
Russia;2010;143242599
Russia;2000;146844839
Russia;1990;148005704
Rwanda;2023;14094683
Rwanda;2022;13776698
Rwanda;2020;13146362
Rwanda;2015;11642959
Rwanda;2010;10309031
Rwanda;2000;8109989
Rwanda;1990;7319962
Saint Barthelemy;2023;10994
Saint Barthelemy;2022;10967
Saint Barthelemy;2020;10681
Saint Barthelemy;2015;9643
Saint Barthelemy;2010;8988
Saint Barthelemy;2000;7082
Saint Barthelemy;1990;5168
Saint Kitts and Nevis;2023;47755
Saint Kitts and Nevis;2022;47657
Saint Kitts and Nevis;2020;47642
Saint Kitts and Nevis;2015;47790
Saint Kitts and Nevis;2010;47403
Saint Kitts and Nevis;2000;45461
Saint Kitts and Nevis;1990;40636
Saint Lucia;2023;180251
Saint Lucia;2022;179857
Saint Lucia;2020;179237
Saint Lucia;2015;175623
Saint Lucia;2010;170935
Saint Lucia;2000;159500
Saint Lucia;1990;142301
Saint Martin;2023;32077
Saint Martin;2022;31791
Saint Martin;2020;32552
Saint Martin;2015;35020
Saint Martin;2010;36458
Saint Martin;2000;29610
Saint Martin;1990;28127
Saint Pierre and Miquelon;2023;5840
Saint Pierre and Miquelon;2022;5862
Saint Pierre and Miquelon;2020;5906
Saint Pierre and Miquelon;2015;5978
Saint Pierre and Miquelon;2010;6052
Saint Pierre and Miquelon;2000;6274
Saint Pierre and Miquelon;1990;6324
Saint Vincent and the Grenadines;2023;103698
Saint Vincent and the Grenadines;2022;103948
Saint Vincent and the Grenadines;2020;104632
Saint Vincent and the Grenadines;2015;106482
Saint Vincent and the Grenadines;2010;109308
Saint Vincent and the Grenadines;2000;113813
Saint Vincent and the Grenadines;1990;112487
Samoa;2023;225681
Samoa;2022;222382
Samoa;2020;214929
Samoa;2015;203571
Samoa;2010;194672
Samoa;2000;184008
Samoa;1990;168186
San Marino;2023;33642
San Marino;2022;33660
San Marino;2020;34007
San Marino;2015;33570
San Marino;2010;31608
San Marino;2000;26823
San Marino;1990;23132
Sao Tome and Principe;2023;231856
Sao Tome and Principe;2022;227380
Sao Tome and Principe;2020;218641
Sao Tome and Principe;2015;201124
Sao Tome and Principe;2010;182138
Sao Tome and Principe;2000;143714
Sao Tome and Principe;1990;120343
Saudi Arabia;2023;36947025
Saudi Arabia;2022;36408820
Saudi Arabia;2020;35997107
Saudi Arabia;2015;32749848
Saudi Arabia;2010;29411929
Saudi Arabia;2000;21547390
Saudi Arabia;1990;16004763
Senegal;2023;17763163
Senegal;2022;17316449
Senegal;2020;16436119
Senegal;2015;14356181
Senegal;2010;12530121
Senegal;2000;9704287
Senegal;1990;7536001
Serbia;2023;7149077
Serbia;2022;7221365
Serbia;2020;7358005
Serbia;2015;7519496
Serbia;2010;7653748
Serbia;2000;7935022
Serbia;1990;7987529
Seychelles;2023;107660
Seychelles;2022;107118
Seychelles;2020;105530
Seychelles;2015;99240
Seychelles;2010;92409
Seychelles;2000;80060
Seychelles;1990;71057
Sierra Leone;2023;8791092
Sierra Leone;2022;8605718
Sierra Leone;2020;8233969
Sierra Leone;2015;7314773
Sierra Leone;2010;6436698
Sierra Leone;2000;4584067
Sierra Leone;1990;4325388
Singapore;2023;6014723
Singapore;2022;5975689
Singapore;2020;5909869
Singapore;2015;5650018
Singapore;2010;5163590
Singapore;2000;4053602
Singapore;1990;3022209
Sint Maarten;2023;44222
Sint Maarten;2022;44175
Sint Maarten;2020;43621
Sint Maarten;2015;40205
Sint Maarten;2010;33034
Sint Maarten;2000;30489
Sint Maarten;1990;27845
Slovakia;2023;5795199
Slovakia;2022;5643453
Slovakia;2020;5456681
Slovakia;2015;5424444
Slovakia;2010;5396424
Slovakia;2000;5376690
Slovakia;1990;5261305
Slovenia;2023;2119675
Slovenia;2022;2119844
Slovenia;2020;2117641
Slovenia;2015;2080862
Slovenia;2010;2057287
Slovenia;2000;1984339
Slovenia;1990;1986024
Solomon Islands;2023;740424
Solomon Islands;2022;724273
Solomon Islands;2020;691191
Solomon Islands;2015;612660
Solomon Islands;2010;540394
Solomon Islands;2000;429978
Solomon Islands;1990;324171
Somalia;2023;18143378
Somalia;2022;17597511
Somalia;2020;16537016
Somalia;2015;13763906
Somalia;2010;12026649
Somalia;2000;8721465
Somalia;1990;6999096
South Africa;2023;60414495
South Africa;2022;59893885
South Africa;2020;58801927
South Africa;2015;55876504
South Africa;2010;51784921
South Africa;2000;46813266
South Africa;1990;39877570
South Korea;2023;51784059
South Korea;2022;51815810
South Korea;2020;51844690
South Korea;2015;50994401
South Korea;2010;48813042
South Korea;2000;46788591
South Korea;1990;44120039
South Sudan;2023;11088796
South Sudan;2022;10913164
South Sudan;2020;10606227
South Sudan;2015;11194299
South Sudan;2010;9714419
South Sudan;2000;6114440
South Sudan;1990;4750817
Spain;2023;47519628
Spain;2022;47558630
Spain;2020;47363807
Spain;2015;46431342
Spain;2010;46572772
Spain;2000;40741651
Spain;1990;38889889
Sri Lanka;2023;21893579
Sri Lanka;2022;21832143
Sri Lanka;2020;21715079
Sri Lanka;2015;21336697
Sri Lanka;2010;20668557
Sri Lanka;2000;18776371
Sri Lanka;1990;17204094
Sudan;2023;48109006
Sudan;2022;46874204
Sudan;2020;44440486
Sudan;2015;38171178
Sudan;2010;33739933
Sudan;2000;26298773
Sudan;1990;21090886
Suriname;2023;623236
Suriname;2022;618040
Suriname;2020;607065
Suriname;2015;575475
Suriname;2010;546080
Suriname;2000;478998
Suriname;1990;412756
Sweden;2023;10612086
Sweden;2022;10549347
Sweden;2020;10368969
Sweden;2015;9849349
Sweden;2010;9381729
Sweden;2000;8871043
Sweden;1990;8548406
Switzerland;2023;8796669
Switzerland;2022;8740472
Switzerland;2020;8638613
Switzerland;2015;8281732
Switzerland;2010;7822435
Switzerland;2000;7182059
Switzerland;1990;6711693
Syria;2023;23227014
Syria;2022;22125249
Syria;2020;20772595
Syria;2015;19205178
Syria;2010;22337563
Syria;2000;16307654
Syria;1990;12408996
Taiwan;2023;23923276
Taiwan;2022;23893394
Taiwan;2020;23821464
Taiwan;2015;23512136
Taiwan;2010;23083083
Taiwan;2000;22194731
Taiwan;1990;20586174
Tajikistan;2023;10143543
Tajikistan;2022;9952787
Tajikistan;2020;9543207
Tajikistan;2015;8524063
Tajikistan;2010;7621779
Tajikistan;2000;6272998
Tajikistan;1990;5417860
Tanzania;2023;67438106
Tanzania;2022;65497748
Tanzania;2020;61704518
Tanzania;2015;52542823
Tanzania;2010;45110527
Tanzania;2000;34463704
Tanzania;1990;26206012
Thailand;2023;71801279
Thailand;2022;71697030
Thailand;2020;71475664
Thailand;2015;70294397
Thailand;2010;68270489
Thailand;2000;63066603
Thailand;1990;55228410
Timor-Leste;2023;1360596
Timor-Leste;2022;1341296
Timor-Leste;2020;1299995
Timor-Leste;2015;1205813
Timor-Leste;2010;1088486
Timor-Leste;2000;878360
Timor-Leste;1990;758106
Togo;2023;9053799
Togo;2022;8848699
Togo;2020;8442580
Togo;2015;7473229
Togo;2010;6571855
Togo;2000;5008035
Togo;1990;3875947
Tokelau;2023;1893
Tokelau;2022;1871
Tokelau;2020;1827
Tokelau;2015;1454
Tokelau;2010;1367
Tokelau;2000;1666
Tokelau;1990;1669
Tonga;2023;107773
Tonga;2022;106858
Tonga;2020;105254
Tonga;2015;106122
Tonga;2010;107383
Tonga;2000;102603
Tonga;1990;98727
Trinidad and Tobago;2023;1534937
Trinidad and Tobago;2022;1531044
Trinidad and Tobago;2020;1518147
Trinidad and Tobago;2015;1460177
Trinidad and Tobago;2010;1410296
Trinidad and Tobago;2000;1332203
Trinidad and Tobago;1990;1266518
Tunisia;2023;12458223
Tunisia;2022;12356117
Tunisia;2020;12161723
Tunisia;2015;11557779
Tunisia;2010;10895063
Tunisia;2000;9893316
Tunisia;1990;8440023
Turkiye;2023;85816199
Turkiye;2022;85341241
Turkiye;2020;84135428
Turkiye;2015;79646178
Turkiye;2010;73195345
Turkiye;2000;64113547
Turkiye;1990;54324142
Turkmenistan;2023;6516100
Turkmenistan;2022;6430770
Turkmenistan;2020;6250438
Turkmenistan;2015;5766431
Turkmenistan;2010;5267970
Turkmenistan;2000;4569132
Turkmenistan;1990;3720278
Turks and Caicos Islands;2023;46062
Turks and Caicos Islands;2022;45703
Turks and Caicos Islands;2020;44276
Turks and Caicos Islands;2015;36538
Turks and Caicos Islands;2010;29726
Turks and Caicos Islands;2000;18744
Turks and Caicos Islands;1990;11709
Tuvalu;2023;11396
Tuvalu;2022;11312
Tuvalu;2020;11069
Tuvalu;2015;10877
Tuvalu;2010;10550
Tuvalu;2000;9638
Tuvalu;1990;9182
Uganda;2023;48582334
Uganda;2022;47249585
Uganda;2020;44404611
Uganda;2015;37477356
Uganda;2010;32341728
Uganda;2000;24020697
Uganda;1990;17586630
Ukraine;2023;36744634
Ukraine;2022;39701739
Ukraine;2020;43909666
Ukraine;2015;44982564
Ukraine;2010;45683020
Ukraine;2000;48879755
Ukraine;1990;51589817
United Arab Emirates;2023;9516871
United Arab Emirates;2022;9441129
United Arab Emirates;2020;9287289
United Arab Emirates;2015;8916899
United Arab Emirates;2010;8481771
United Arab Emirates;2000;3275333
United Arab Emirates;1990;1900151
United Kingdom;2023;67736802
United Kingdom;2022;67508936
United Kingdom;2020;67059474
United Kingdom;2015;65224364
United Kingdom;2010;62760039
United Kingdom;2000;58850043
United Kingdom;1990;57210442
United States;2023;339996563
United States;2022;338289857
United States;2020;335942003
United States;2015;324607776
United States;2010;311182845
United States;2000;282398554
United States;1990;248083732
Virgin Islands;2023;98750
Virgin Islands;2022;99465
Virgin Islands;2020;100442
Virgin Islands;2015;102803
Virgin Islands;2010;106142
Virgin Islands;2000;108185
Virgin Islands;1990;100685
Uruguay;2023;3423108
Uruguay;2022;3422794
Uruguay;2020;3429086
Uruguay;2015;3402818
Uruguay;2010;3352651
Uruguay;2000;3292224
Uruguay;1990;3117012
Uzbekistan;2023;35163944
Uzbekistan;2022;34627652
Uzbekistan;2020;33526656
Uzbekistan;2015;30949417
Uzbekistan;2010;28614227
Uzbekistan;2000;24925554
Uzbekistan;1990;20579100
Vanuatu;2023;334506
Vanuatu;2022;326740
Vanuatu;2020;311685
Vanuatu;2015;276438
Vanuatu;2010;245453
Vanuatu;2000;192074
Vanuatu;1990;150882
Vatican City;2023;518
Vatican City;2022;510
Vatican City;2020;520
Vatican City;2015;564
Vatican City;2010;596
Vatican City;2000;651
Vatican City;1990;700
Venezuela;2023;28838499
Venezuela;2022;28301696
Venezuela;2020;28490453
Venezuela;2015;30529716
Venezuela;2010;28715022
Venezuela;2000;24427729
Venezuela;1990;19750579
Vietnam;2023;98858950
Vietnam;2022;98186856
Vietnam;2020;96648685
Vietnam;2015;92191398
Vietnam;2010;87411012
Vietnam;2000;79001142
Vietnam;1990;66912613
Wallis and Futuna;2023;11502
Wallis and Futuna;2022;11572
Wallis and Futuna;2020;11655
Wallis and Futuna;2015;12182
Wallis and Futuna;2010;13142
Wallis and Futuna;2000;14723
Wallis and Futuna;1990;13454
Western Sahara;2023;587259
Western Sahara;2022;575986
Western Sahara;2020;556048
Western Sahara;2015;491824
Western Sahara;2010;413296
Western Sahara;2000;270375
Western Sahara;1990;178529
Yemen;2023;34449825
Yemen;2022;33696614
Yemen;2020;32284046
Yemen;2015;28516545
Yemen;2010;24743946
Yemen;2000;18628700
Yemen;1990;13375121
Zambia;2023;20569737
Zambia;2022;20017675
Zambia;2020;18927715
Zambia;2015;16248230
Zambia;2010;13792086
Zambia;2000;9891136
Zambia;1990;7686401
Zimbabwe;2023;16665409
Zimbabwe;2022;16320537
Zimbabwe;2020;15669666
Zimbabwe;2015;14154937
Zimbabwe;2010;12839771
Zimbabwe;2000;11834676
Zimbabwe;1990;10113893
